INSERT INTO Student(StudentID,FirstName,LastName,DOB,Major)
    VALUES
        (1000, 'Wiley', 'Coyote', '1961-9-10', 'CS'),
        (1100, 'Bugs' ,'Bunny', '1990-6-24', 'BA'),
        (1200, 'Olive' ,'Oyl', '1989-7-19', 'CIS'),
        (1300, 'Alice' ,'Wonderland', '1989-7-19', 'PH'),
        (1400, 'Roger' ,'Ramjet', '1985-1-13', 'CD'),
        (1500, 'Larry' ,'Lujack', '1940-6-6', 'JT'),
        (1600, 'Thomas', 'Tankengine', '1991-4-1', 'CS'),
        (1700, 'Amber' ,'Corwin', '1970-12-1', 'PS'),
        (1800, 'Dworkin', 'Barimen', '1950-12-2', 'PS'),
        (1900, 'Bel', 'Garion', '1983-1-1', 'CS'),
        (2000, 'Pol', 'Gara', '1963-1-1', 'CS'),
        (2001, 'Art', 'Clark', '2001-12-6', 'CS');

INSERT INTO Phone(StudentID, PNumber, Type)
    VALUES
        (1000, '970-555-1000', 'c'),
        (1000, '970-555-1010', 'h'),
        (1100, '970-555-1100', 'o'),
        (1200, '303-555-1200', 'h'),
        (1300, '303-555-1200', 'h'),
        (1300, '303-555-1210', 'c'),
        (1400, '970-555-1400', 'c'),      
        (1600, '970-555-1600', 'h'),
        (1700, '970-555-1600', 'h'),
        (1800, '970-555-1800', 'c'), 
        (1900, '970-555-1900', 'h'),
        (2000, '970-555-2000', 'h'),
        (2000, '970-555-2010', 'c'),
        (2001, '970-555-2001', 'h'),
        (1500, 'None', NULL);

INSERT INTO Class(ClassID, Credits, Description)
    VALUES
        ('BA101', 3, 'Introduction to Accounting'),
        ('BA102', 3, 'Accounting 2'),
        ('CS160', 4, 'Introduction to Computer Science'),
        ('CS161', 4, 'More Intro to Computer Science'),
        ('CS200', 4, 'Data Structures'),
        ('CS220', 4, 'Intro to C'),
        ('CS253', 4, 'Intro to C++'),
        ('CS270', 3, 'Systems Architecture'),
        ('CS370', 3, 'Systems Software, CS270'),
        ('CS420', 4, 'Intro to Algorithms, M161'),
        ('CS430', 3, 'Intro to Database Theory'),
        ('CS451', 3, 'Intro to Operating Systems'),
        ('M160', 5, 'Calculus 1'),
        ('M161', 4, 'Calculus 2'),
        ('M200', 3, 'Relational Algebra'),
        ('M201', 3, 'Linear Algebra');
        
INSERT INTO Professor(EmpNo, FirstName, LastName, DeptCode)
    VALUES        
        (101, 'Bobby', 'Ewing', 'BA'),
        (102, 'Red', 'Skelton', 'BA'),
        (201, 'Thomas', 'Magnum', 'CS'),
        (202, 'Julie', 'Barnes', 'CS'),
        (203, 'Roger', 'Ramjet', 'CS'),
        (204, 'Mickey', 'Hart', 'CS'),
        (205, 'Grace', 'Slick', 'CS'),
        (206, 'Perry', 'Mason', 'CS'),
        (207, 'Dickey', 'Betts', 'CS'),
        (208, 'Waco', 'Kid', 'CS'),
        (209, 'Roger', 'Thornhill', 'CS'),
        (210, 'Scottie', 'Ferguson', 'CS'),
        (301, 'Barbara', 'Wright', 'M'),
        (302, 'John', 'Crichton', 'M'),
        (303, 'Aeon', 'Flux', 'M');
        
INSERT INTO CanTeach(EmpNo, ClassID)
    VALUES
        (101, 'BA101'),
        (101, 'BA102'),
        (102, 'BA101'),
        (102, 'BA102'),
        (201, 'CS160'),
        (201, 'CS161'),
        (201, 'CS200'),
        (201, 'CS420'),
        (202, 'CS160'),
        (202, 'CS161'),
        (202, 'CS200'),
        (202, 'CS430'),
        (203, 'CS220'),
        (203, 'CS253'),
        (203, 'CS270'),
        (203, 'CS370'),
        (204, 'CS220'),
        (204, 'CS253'),
        (204, 'CS270'),
        (204, 'CS370'),
        (205, 'CS370'),
        (205, 'CS430'),
        (205, 'CS451'),
        (206, 'CS160'),
        (206, 'CS161'),
        (207, 'CS200'),
        (207, 'CS420'),
        (207, 'CS430'),
        (208, 'CS160'),
        (208, 'CS161'),
        (209, 'CS220'),
        (209, 'CS160'),
        (210, 'CS253'),
        (210, 'CS370'),
        (301, 'M160'),
        (301, 'M161'),
        (302, 'M200'),
        (302, 'M201'),
        (303, 'M160'),
        (303, 'M161'),
        (303, 'M200'),
        (303, 'M201');

INSERT INTO PreReq(ClassID, ReqID)
    VALUES
        ('BA102', 'BA101'),
        ('CS161', 'CS160'),
        ('CS200', 'CS161'),
        ('CS220', 'CS200'),
        ('CS253', 'CS200'),
        ('CS270', 'CS253'),
        ('CS370', 'CS220'),
        ('CS420', 'M161'),
        ('CS420', 'M201'),
        ('CS420', 'CS200'),
        ('CS430', 'CS370'), 
        ('CS430', 'M200'), 
        ('CS451', 'CS370'),
        ('M161', 'M160'),
        ('M200', 'M161'),
        ('M201', 'M161');

INSERT INTO Section(ProfNo, ClassID, SecNo, Semester, Start_Time, End_Time, M, T, W, TH, F, Building, RoomNo)
    VALUES
        (101, 'BA101', 1, 'FA14', '8:00:00', '8:50:00', 1, 0, 1, 0, 1, 'CC', 310),
        (102, 'BA101', 1, 'SP15', '8:00:00', '8:50:00', 1, 0, 1, 0, 1, 'CC', 310),
        (101, 'BA101', 1, 'SU15', '8:00:00', '9:15:00', 1, 0, 1, 0, 1, 'CC', 310),
        (102, 'BA102', 1, 'FA14', '9:00:00', '9:50:00', 1, 0, 1, 0, 1, 'CC', 320),
        (101, 'BA102', 1, 'SP15', '9:00:00', '9:50:00', 1, 0, 1, 0, 1, 'CC', 320),
        (102, 'BA102', 1, 'SU15', '9:00:00', '10:15:00', 1, 0, 1, 0, 1, 'CC', 320),
        (201, 'CS160', 1, 'SP11', '8:00:00', '8:50:00', 1, 0, 1, 0, 1, 'CSB', 130),
        (202, 'CS160', 2, 'SP11', '10:00:00', '11:15:00', 0, 1, 0, 1, 0, 'CSB', 130),
        (201, 'CS160', 1, 'FA11', '8:00:00', '8:50:00', 1, 0, 1, 0, 1, 'CSB', 130),
        (202, 'CS160', 2, 'FA11', '10:00:00', '11:15:00', 0, 1, 0, 1, 0, 'CSB', 130),
        (201, 'CS160', 1, 'SP12', '8:00:00', '8:50:00', 1, 0, 1, 0, 1, 'CSB', 130),
        (202, 'CS160', 2, 'SP12', '10:00:00', '11:15:00', 0, 1, 0, 1, 0, 'CSB', 130),
        (201, 'CS160', 1, 'SU12', '10:00:00', '11:15:00', 1, 0, 1, 0, 1, 'CSB', 130),
        (202, 'CS160', 1, 'FA12', '8:00:00', '8:50:00', 1, 0, 1, 0, 1, 'CSB', 130),
        (206, 'CS160', 2, 'FA12', '10:00:00', '11:15:00', 0, 1, 0, 1, 0, 'CSB', 130),
        (201, 'CS160', 1, 'SP13', '8:00:00', '8:50:00', 1, 0, 1, 0, 1, 'CSB', 130),
        (202, 'CS160', 2, 'SP13', '10:00:00', '11:15:00', 0, 1, 0, 1, 0, 'CSB', 130),
        (209, 'CS160', 1, 'SU13', '10:00:00', '11:15:00', 1, 0, 1, 0, 1, 'CSB', 130),
        (208, 'CS160', 1, 'FA13', '8:00:00', '8:50:00', 1, 0, 1, 0, 1, 'CSB', 130),
        (209, 'CS160', 2, 'FA13', '10:00:00', '11:15:00', 0, 1, 0, 1, 0, 'CSB', 130),
        (209, 'CS160', 1, 'SP14', '8:00:00', '8:50:00', 1, 0, 1, 0, 1, 'CSB', 130),
        (209, 'CS160', 2, 'SP14', '10:00:00', '11:15:00', 0, 1, 0, 1, 0, 'CSB', 130),
        (201, 'CS160', 1, 'SU14', '10:00:00', '11:15:00', 1, 0, 1, 0, 1, 'CSB', 130),
        (209, 'CS160', 1, 'FA14', '8:00:00', '8:50:00', 1, 0, 1, 0, 1, 'CSB', 130),
        (208, 'CS160', 2, 'FA14', '10:00:00', '11:15:00', 0, 1, 0, 1, 0, 'CSB', 130),
        (208, 'CS160', 1, 'SP15', '8:00:00', '8:50:00', 1, 0, 1, 0, 1, 'CSB', 130),
        (209, 'CS160', 2, 'SP15', '10:00:00', '11:15:00', 0, 1, 0, 1, 0, 'CSB', 130),
        (209, 'CS160', 1, 'SU15', '10:00:00', '11:15:00', 1, 0, 1, 0, 1, 'CSB', 130),
        (201, 'CS160', 1, 'FA15', '8:00:00', '8:50:00', 1, 0, 1, 0, 1, 'CSB', 130),
        (202, 'CS160', 2, 'FA15', '10:00:00', '11:15:00', 0, 1, 0, 1, 0, 'CSB', 130),
        (202, 'CS161', 1, 'FA11', '12:00:00', '12:50:00', 1, 0, 1, 0, 1, 'CSB', 130),
        (201, 'CS161', 2, 'FA11', '12:00:00', '13:15:00', 0, 1, 0, 1, 0, 'CSB', 130),
        (202, 'CS161', 1, 'SP12', '12:00:00', '12:50:00', 1, 0, 1, 0, 1, 'CSB', 130),
        (202, 'CS161', 2, 'SP12', '12:00:00', '13:15:00', 0, 1, 0, 1, 0, 'CSB', 130),
        (206, 'CS161', 1, 'SU12', '12:00:00', '13:15:00', 1, 0, 1, 0, 1, 'CSB', 130),
        (202, 'CS161', 1, 'FA12', '12:00:00', '12:50:00', 1, 0, 1, 0, 1, 'CSB', 130),
        (201, 'CS161', 2, 'FA12', '12:00:00', '13:15:00', 0, 1, 0, 1, 0, 'CSB', 130),
        (202, 'CS161', 1, 'SP13', '12:00:00', '12:50:00', 1, 0, 1, 0, 1, 'CSB', 130),
        (201, 'CS161', 2, 'SP13', '12:00:00', '13:15:00', 0, 1, 0, 1, 0, 'CSB', 130),
        (206, 'CS161', 1, 'SU13', '12:00:00', '13:15:00', 1, 0, 1, 0, 1, 'CSB', 130),
        (208, 'CS161', 1, 'FA13', '12:00:00', '12:50:00', 1, 0, 1, 0, 1, 'CSB', 130),
        (202, 'CS161', 2, 'FA13', '12:00:00', '13:15:00', 0, 1, 0, 1, 0, 'CSB', 130),
        (208, 'CS161', 1, 'SP14', '12:00:00', '12:50:00', 1, 0, 1, 0, 1, 'CSB', 130),
        (202, 'CS161', 2, 'SP14', '12:00:00', '13:15:00', 0, 1, 0, 1, 0, 'CSB', 130),
        (208, 'CS161', 1, 'SU14', '12:00:00', '13:15:00', 1, 0, 1, 0, 1, 'CSB', 130),
        (208, 'CS161', 1, 'FA14', '12:00:00', '12:50:00', 1, 0, 1, 0, 1, 'CSB', 130),
        (208, 'CS161', 2, 'FA14', '12:00:00', '13:15:00', 0, 1, 0, 1, 0, 'CSB', 130),
        (202, 'CS161', 1, 'SP15', '12:00:00', '12:50:00', 1, 0, 1, 0, 1, 'CSB', 130),
        (208, 'CS161', 2, 'SP15', '12:00:00', '13:15:00', 0, 1, 0, 1, 0, 'CSB', 130),
        (206, 'CS161', 1, 'SU15', '12:00:00', '13:15:00', 1, 0, 1, 0, 1, 'CSB', 130),
        (206, 'CS161', 1, 'FA15', '12:00:00', '12:50:00', 1, 0, 1, 0, 1, 'CSB', 130),
        (208, 'CS161', 2, 'FA15', '12:00:00', '13:15:00', 0, 1, 0, 1, 0, 'CSB', 130),
        (207, 'CS200', 1, 'FA11', '10:00:00', '11:15:00', 0, 1, 0, 1, 0, 'CSB', 225),
        (207, 'CS200', 1, 'SP12', '10:00:00', '11:15:00', 0, 1, 0, 1, 0, 'CSB', 225),
        (207, 'CS200', 1, 'FA12', '10:00:00', '11:15:00', 0, 1, 0, 1, 0, 'CSB', 225),
        (207, 'CS200', 1, 'SP13', '10:00:00', '11:15:00', 0, 1, 0, 1, 0, 'CSB', 225),
        (207, 'CS200', 1, 'FA13', '10:00:00', '11:15:00', 0, 1, 0, 1, 0, 'CSB', 225),
        (207, 'CS200', 1, 'SP14', '10:00:00', '11:15:00', 0, 1, 0, 1, 0, 'CSB', 225),
        (207, 'CS200', 1, 'FA14', '10:00:00', '11:15:00', 0, 1, 0, 1, 0, 'CSB', 225),
        (207, 'CS200', 1, 'SP15', '10:00:00', '11:15:00', 0, 1, 0, 1, 0, 'CSB', 225),
        (207, 'CS200', 1, 'FA15', '10:00:00', '11:15:00', 0, 1, 0, 1, 0, 'CSB', 225),
        (203, 'CS220', 1, 'FA11', '15:00:00', '15:15:00', 0, 1, 0, 1, 0, 'CSB', 325),
        (204, 'CS220', 1, 'SP12', '15:00:00', '15:15:00', 0, 1, 0, 1, 0, 'CSB', 325),
        (203, 'CS220', 1, 'FA12', '15:00:00', '15:15:00', 0, 1, 0, 1, 0, 'CSB', 325),
        (204, 'CS220', 1, 'SP13', '15:00:00', '15:15:00', 0, 1, 0, 1, 0, 'CSB', 325),
        (203, 'CS220', 1, 'FA13', '15:00:00', '15:15:00', 0, 1, 0, 1, 0, 'CSB', 325),
        (204, 'CS220', 1, 'SP14', '15:00:00', '15:15:00', 0, 1, 0, 1, 0, 'CSB', 325),
        (203, 'CS220', 1, 'FA14', '15:00:00', '15:15:00', 0, 1, 0, 1, 0, 'CSB', 325),
        (204, 'CS220', 1, 'SP15', '15:00:00', '15:15:00', 0, 1, 0, 1, 0, 'CSB', 325),
        (203, 'CS220', 1, 'FA15', '15:00:00', '15:15:00', 0, 1, 0, 1, 0, 'CSB', 325),
        (204, 'CS253', 1, 'FA11', '8:00:00', '9:15:00', 0, 1, 0, 1, 0, 'CSB', 325),
        (204, 'CS253', 1, 'SP12', '8:00:00', '9:15:00', 0, 1, 0, 1, 0, 'CSB', 325),
        (204, 'CS253', 1, 'FA12', '8:00:00', '9:15:00', 0, 1, 0, 1, 0, 'CSB', 325),
        (204, 'CS253', 1, 'SP13', '8:00:00', '9:15:00', 0, 1, 0, 1, 0, 'CSB', 325),
        (204, 'CS253', 1, 'FA13', '8:00:00', '9:15:00', 0, 1, 0, 1, 0, 'CSB', 325),
        (204, 'CS253', 1, 'SP14', '8:00:00', '9:15:00', 0, 1, 0, 1, 0, 'CSB', 325),
        (210, 'CS253', 1, 'FA14', '8:00:00', '9:15:00', 0, 1, 0, 1, 0, 'CSB', 325),
        (210, 'CS253', 1, 'SP15', '8:00:00', '9:15:00', 0, 1, 0, 1, 0, 'CSB', 325),
        (210, 'CS253', 1, 'FA15', '8:00:00', '9:15:00', 0, 1, 0, 1, 0, 'CSB', 325),
        (203, 'CS270', 1, 'FA11', '13:00:00', '13:50:00', 1, 0, 1, 0, 1, 'CSB', 130),
        (203, 'CS270', 1, 'SP12', '13:00:00', '13:50:00', 1, 0, 1, 0, 1, 'CSB', 130),
        (203, 'CS270', 1, 'FA12', '13:00:00', '13:50:00', 1, 0, 1, 0, 1, 'CSB', 130),
        (203, 'CS270', 1, 'SP13', '13:00:00', '13:50:00', 1, 0, 1, 0, 1, 'CSB', 130),
        (203, 'CS270', 1, 'FA13', '13:00:00', '13:50:00', 1, 0, 1, 0, 1, 'CSB', 130),
        (203, 'CS270', 1, 'SP14', '13:00:00', '13:50:00', 1, 0, 1, 0, 1, 'CSB', 130),
        (203, 'CS270', 1, 'FA14', '13:00:00', '13:50:00', 1, 0, 1, 0, 1, 'CSB', 130),
        (203, 'CS270', 1, 'SP15', '13:00:00', '13:50:00', 1, 0, 1, 0, 1, 'CSB', 130),
        (203, 'CS270', 1, 'FA15', '13:00:00', '13:50:00', 1, 0, 1, 0, 1, 'CSB', 130),
        (205, 'CS370', 1, 'FA11', '14:00:00', '15:15:00', 0, 1, 0, 1, 0, 'CSB', 425),
        (205, 'CS370', 1, 'SP12', '14:00:00', '15:15:00', 0, 1, 0, 1, 0, 'CSB', 425),
        (205, 'CS370', 1, 'FA12', '14:00:00', '15:15:00', 0, 1, 0, 1, 0, 'CSB', 425),
        (205, 'CS370', 1, 'SP13', '14:00:00', '15:15:00', 0, 1, 0, 1, 0, 'CSB', 425),
        (205, 'CS370', 1, 'FA13', '14:00:00', '15:15:00', 0, 1, 0, 1, 0, 'CSB', 425),
        (205, 'CS370', 1, 'SP14', '14:00:00', '15:15:00', 0, 1, 0, 1, 0, 'CSB', 425),
        (205, 'CS370', 1, 'FA14', '14:00:00', '15:15:00', 0, 1, 0, 1, 0, 'CSB', 425),
        (207, 'CS420', 1, 'FA11', '16:00:00', '16:50:00', 1, 0, 1, 0, 1, 'CSB', 425),
        (207, 'CS420', 1, 'FA12', '16:00:00', '16:50:00', 1, 0, 1, 0, 1, 'CSB', 425),
        (207, 'CS420', 1, 'FA13', '16:00:00', '16:50:00', 1, 0, 1, 0, 1, 'CSB', 425),
        (207, 'CS420', 1, 'FA14', '16:00:00', '16:50:00', 1, 0, 1, 0, 1, 'CSB', 425),
        (207, 'CS420', 1, 'FA15', '16:00:00', '16:50:00', 1, 0, 1, 0, 1, 'CSB', 425),
        (202, 'CS430', 1, 'SP11', '16:00:00', '16:50:00', 1, 0, 1, 0, 1, 'CSB', 425),
        (202, 'CS430', 1, 'SP12', '16:00:00', '16:50:00', 1, 0, 1, 0, 1, 'CSB', 425),
        (202, 'CS430', 1, 'SP13', '16:00:00', '16:50:00', 1, 0, 1, 0, 1, 'CSB', 425),
        (202, 'CS430', 1, 'SP14', '16:00:00', '16:50:00', 1, 0, 1, 0, 1, 'CSB', 425),
        (202, 'CS430', 1, 'SP15', '16:00:00', '16:50:00', 1, 0, 1, 0, 1, 'CSB', 425),
        (205, 'CS451', 1, 'SP11', '14:00:00', '14:50:00', 1, 0, 1, 0, 1, 'CSB', 425),
        (205, 'CS451', 1, 'SP12', '14:00:00', '14:50:00', 1, 0, 1, 0, 1, 'CSB', 425),
        (205, 'CS451', 1, 'SP13', '14:00:00', '14:50:00', 1, 0, 1, 0, 1, 'CSB', 425),
        (205, 'CS451', 1, 'SP14', '14:00:00', '14:50:00', 1, 0, 1, 0, 1, 'CSB', 425),
        (205, 'CS451', 1, 'SP15', '14:00:00', '14:50:00', 1, 0, 1, 0, 1, 'CSB', 425),
        (301, 'M160', 1, 'FA13', '13:00:00', '13:50:00', 1, 1, 1, 1, 1, 'E', 202),
        (303, 'M160', 2, 'FA13', '14:00:00', '14:50:00', 1, 1, 1, 1, 1, 'E', 202),
        (301, 'M160', 1, 'SP14', '13:00:00', '13:50:00', 1, 1, 1, 1, 1, 'E', 201),
        (303, 'M160', 2, 'SP14', '13:00:00', '13:50:00', 1, 1, 1, 1, 1, 'E', 202),
        (301, 'M160', 1, 'FA14', '13:00:00', '13:50:00', 1, 1, 1, 1, 1, 'E', 202),
        (303, 'M160', 2, 'FA14', '14:00:00', '14:50:00', 1, 1, 1, 1, 1, 'E', 202),
        (301, 'M160', 1, 'SP15', '13:00:00', '13:50:00', 1, 1, 1, 1, 1, 'E', 201),
        (303, 'M160', 2, 'SP15', '13:00:00', '13:50:00', 1, 1, 1, 1, 1, 'E', 202),
        (301, 'M160', 1, 'FA15', '13:00:00', '13:50:00', 1, 1, 1, 1, 1, 'E', 202),
        (303, 'M160', 2, 'FA15', '14:00:00', '14:50:00', 1, 1, 1, 1, 1, 'E', 202),
        (303, 'M161', 1, 'FA13', '13:00:00', '13:50:00', 1, 0, 1, 0, 1, 'E', 102),
        (301, 'M161', 2, 'FA13', '14:00:00', '14:50:00', 1, 0, 1, 0, 1, 'E', 102),
        (303, 'M161', 1, 'SP14', '13:00:00', '13:50:00', 1, 0, 1, 0, 1, 'E', 101),
        (301, 'M161', 2, 'SP14', '13:00:00', '13:50:00', 1, 0, 1, 0, 1, 'E', 102),
        (303, 'M161', 1, 'FA14', '13:00:00', '13:50:00', 1, 0, 1, 0, 1, 'E', 102),
        (301, 'M161', 2, 'FA14', '14:00:00', '14:50:00', 1, 0, 1, 0, 1, 'E', 102),
        (303, 'M161', 1, 'SP15', '13:00:00', '13:50:00', 1, 0, 1, 0, 1, 'E', 101),
        (301, 'M161', 2, 'SP15', '13:00:00', '13:50:00', 1, 0, 1, 0, 1, 'E', 102),
        (303, 'M161', 1, 'FA15', '13:00:00', '13:50:00', 1, 0, 1, 0, 1, 'E', 102),
        (301, 'M161', 2, 'FA15', '14:00:00', '14:50:00', 1, 0, 1, 0, 1, 'E', 102),
        (302, 'M200', 1, 'FA14', '10:00:00', '10:50:00', 1, 0, 1, 0, 1, 'E', 101),
        (302, 'M200', 1, 'SP15', '10:00:00', '10:50:00', 1, 0, 1, 0, 1, 'E', 101),
        (302, 'M200', 1, 'FA15', '10:00:00', '10:50:00', 1, 0, 1, 0, 1, 'E', 101),
        (302, 'M201', 1, 'FA14', '10:00:00', '10:50:00', 1, 0, 1, 0, 1, 'E', 102),
        (302, 'M201', 1, 'SP15', '10:00:00', '10:50:00', 1, 0, 1, 0, 1, 'E', 102),
        (303, 'M201', 1, 'FA15', '10:00:00', '10:50:00', 1, 0, 1, 0, 1, 'E', 102);

INSERT INTO Enrolled(StudentID, ClassID, SecNo, Semester, Grade, Drop_Date)
    VALUES
        (1000, 'CS160', 1, 'FA14', 'B', NULL),
        (1000, 'CS161', 2, 'SP15', 'B', NULL),
        (1000, 'M160', 2, 'FA14', 'A', NULL),
        (1000, 'M161', 1, 'SP15', 'B', NULL),
        (1100, 'CS160', 1, 'FA14', 'B', NULL),
        (1100, 'CS161', 2, 'SP15', 'B', NULL),
        (1100, 'M160', 2, 'FA14', 'A', NULL),
        (1100, 'M161', 1, 'SP15', 'C', NULL),
        (1200, 'CS160', 1, 'FA14', 'B', NULL),
        (1200, 'CS161', 2, 'SP15', 'D', NULL),
        (1200, 'M160', 2, 'FA14', 'A', NULL),
        (1200, 'M161', 1, 'SP15', 'B', NULL),
        (1300, 'M160', 2, 'FA13', 'A', NULL),
        (1300, 'M161', 1, 'SP14', 'A', NULL),
        (1300, 'M201', 1, 'FA14', 'B', NULL),
        (1300, 'CS160', 2, 'SP11', 'A', NULL),
        (1300, 'CS161', 2, 'FA11', 'A', NULL),
        (1300, 'CS200', 1, 'SP12', 'A', NULL),
        (1300, 'CS253', 1, 'FA12', 'A', NULL),
        (1300, 'CS220', 1, 'FA12', 'C', NULL),
        (1300, 'CS270', 1, 'SP13', 'B', NULL),
        (1300, 'CS370', 1, 'FA13', NULL, '2013-9-20'),
        (1300, 'CS370', 1, 'SP14', 'C', NULL),
        (1300, 'CS451', 1, 'SP14', 'B', NULL),
        (1300, 'CS420', 1, 'FA14', 'C', NULL),
        (1300, 'CS430', 1, 'SP15', 'A', NULL),
        (1400, 'M161', 1, 'FA14', 'A', NULL),
        (1400, 'CS200', 1, 'FA14', 'A', NULL),
        (1400, 'CS253', 1, 'SP15', 'A', NULL),
        (1400, 'M200', 1, 'SP15', 'A', NULL),
        (1500, 'M160', 1, 'SP15', 'A', NULL),
        (1600, 'CS160', 1, 'FA14', 'B', NULL),
        (1600, 'CS161', 2, 'SP15', 'B', NULL),
        (1600, 'M160', 2, 'FA14', 'A', NULL),
        (1600, 'M161', 1, 'SP15', 'B', NULL),
        (1700, 'CS160', 1, 'FA14', NULL, '2014-9-21'),
        (1700, 'CS160', 2, 'SP15', 'D', NULL),
        (1800, 'M160', 2, 'FA13', 'A', NULL),
        (1800, 'M161', 1, 'SP14', 'A', NULL),
        (1800, 'M201', 1, 'FA14', 'B', NULL),
        (1900, 'BA101', 1, 'FA14', 'A', NULL),
        (1900, 'BA102', 1, 'SP15', 'A', NULL),
        (2000, 'CS160', 1, 'SP15', NULL, '2015-3-20'),
        (2001, 'CS160', 1, 'SP15', 'A',NULL);
        